{"message": "ERROR: Hidden Testcases server unreachable.", "check_style_score": "0/1", "version": "1", "problem_id": "ads2_m6_a1_1", "score": {"sample": {"0": {"execution_time": 0.16720938682556152, "passed": false}, "1": {"execution_time": 0.26521921157836914, "passed": false}, "2": {"execution_time": 0.3087189197540283, "passed": false}, "3": {"execution_time": 0.30152130126953125, "passed": false}, "4": {"execution_time": 0.32594966888427734, "passed": false}, "5": {"execution_time": 0.35164308547973633, "passed": false}, "6": {"execution_time": 0.2962791919708252, "passed": true}, "7": {"execution_time": 0.3141927719116211, "passed": false}, "8": {"execution_time": 0.3126711845397949, "passed": true}, "9": {"execution_time": 0.3485379219055176, "passed": false}, "10": {"execution_time": 0.2896749973297119, "passed": true}, "11": {"execution_time": 0.3368110656738281, "passed": false}}}, "user_id": "navin106"}