{"user_id": "navin106", "message": "ERROR: Hidden Testcases server unreachable.", "score": {"sample": {"0": {"execution_time": 0.17036771774291992, "passed": false}, "1": {"execution_time": 0.1868898868560791, "passed": false}, "2": {"execution_time": 0.3155982494354248, "passed": false}, "3": {"execution_time": 0.31003379821777344, "passed": false}, "4": {"execution_time": 0.3043079376220703, "passed": false}, "5": {"execution_time": 0.3130617141723633, "passed": false}, "6": {"execution_time": 0.31879305839538574, "passed": true}, "7": {"execution_time": 0.2993459701538086, "passed": false}, "8": {"execution_time": 0.3011014461517334, "passed": false}, "9": {"execution_time": 0.3563816547393799, "passed": false}, "10": {"execution_time": 0.30176258087158203, "passed": true}, "11": {"execution_time": 0.3328549861907959, "passed": false}}}, "problem_id": "ads2_m6_a1_1", "version": "1", "check_style_score": "0/1"}