{"message": "ERROR: Hidden Testcases server unreachable.", "check_style_score": "0/1", "user_id": "navin106", "problem_id": "ads2_m6_a1_1", "score": {"sample": {"0": {"execution_time": 0.28603649139404297, "passed": false}, "1": {"execution_time": 0.22150588035583496, "passed": false}, "2": {"execution_time": 0.24185538291931152, "passed": false}, "3": {"execution_time": 0.2298755645751953, "passed": false}, "4": {"execution_time": 0.23924899101257324, "passed": false}, "5": {"execution_time": 0.26741886138916016, "passed": false}, "6": {"execution_time": 0.24454522132873535, "passed": true}, "7": {"execution_time": 0.1636219024658203, "passed": false}, "8": {"execution_time": 0.16279053688049316, "passed": true}, "9": {"execution_time": 0.2193615436553955, "passed": false}, "10": {"execution_time": 0.16704797744750977, "passed": true}, "11": {"execution_time": 0.27199387550354004, "passed": false}}}, "version": "1"}