{"check_style_score": "0/1", "message": "ERROR: Hidden Testcases server unreachable.", "version": "1", "score": {"sample": {"0": {"passed": false, "execution_time": 0.1701374053955078}, "1": {"passed": false, "execution_time": 0.25077223777770996}, "2": {"passed": false, "execution_time": 0.17551445960998535}, "3": {"passed": false, "execution_time": 0.3003714084625244}, "4": {"passed": false, "execution_time": 0.2971479892730713}, "5": {"passed": false, "execution_time": 0.16688179969787598}, "6": {"passed": true, "execution_time": 0.32879209518432617}, "7": {"passed": false, "execution_time": 0.3100004196166992}, "8": {"passed": false, "execution_time": 0.30773377418518066}, "9": {"passed": false, "execution_time": 0.3089907169342041}, "10": {"passed": true, "execution_time": 0.29825592041015625}, "11": {"passed": false, "execution_time": 0.30634522438049316}}}, "problem_id": "ads2_m6_a1_1", "user_id": "navin106"}