{"problem_id": "ads2_m6_a1_1", "score": {"sample": {"0": {"execution_time": 0.22981524467468262, "passed": false}, "1": {"execution_time": 0.22988009452819824, "passed": false}, "2": {"execution_time": 0.17624616622924805, "passed": false}, "3": {"execution_time": 0.3641164302825928, "passed": false}, "4": {"execution_time": 0.34378671646118164, "passed": false}, "5": {"execution_time": 0.2634313106536865, "passed": false}, "6": {"execution_time": 0.3155553340911865, "passed": true}, "7": {"execution_time": 0.3360016345977783, "passed": false}, "8": {"execution_time": 0.32076263427734375, "passed": true}, "9": {"execution_time": 0.19832873344421387, "passed": false}, "10": {"execution_time": 0.23136448860168457, "passed": true}, "11": {"execution_time": 0.3027064800262451, "passed": false}}}, "check_style_score": "0/1", "version": "1", "user_id": "navin106", "message": "ERROR: Hidden Testcases server unreachable."}