{"score": {"sample": {"0": {"execution_time": 0.1693887710571289, "passed": false}, "1": {"execution_time": 0.19881391525268555, "passed": false}, "2": {"execution_time": 0.3148791790008545, "passed": false}, "3": {"execution_time": 0.3424534797668457, "passed": false}, "4": {"execution_time": 0.31763267517089844, "passed": false}, "5": {"execution_time": 0.24192190170288086, "passed": false}, "6": {"execution_time": 0.29628658294677734, "passed": true}, "7": {"execution_time": 0.29494810104370117, "passed": false}, "8": {"execution_time": 0.31738877296447754, "passed": false}, "9": {"execution_time": 0.3018929958343506, "passed": false}, "10": {"execution_time": 0.35216236114501953, "passed": true}, "11": {"execution_time": 0.31255435943603516, "passed": false}}}, "problem_id": "ads2_m6_a1_1", "message": "ERROR: Hidden Testcases server unreachable.", "user_id": "navin106", "version": "1", "check_style_score": "0/1"}