{"user_id": "navin106", "message": "ERROR: Hidden Testcases server unreachable.", "problem_id": "ads2_m6_a1_1", "version": "1", "check_style_score": "1/1", "score": {"sample": {"0": {"execution_time": 0.1113286018371582, "passed": false}, "1": {"execution_time": 0.17039990425109863, "passed": false}, "2": {"execution_time": 0.08720660209655762, "passed": false}, "3": {"execution_time": 0.0903933048248291, "passed": false}, "4": {"execution_time": 0.08771967887878418, "passed": false}, "5": {"execution_time": 0.10692119598388672, "passed": true}, "6": {"execution_time": 0.1030874252319336, "passed": true}, "7": {"execution_time": 0.1437385082244873, "passed": false}, "8": {"execution_time": 0.09604334831237793, "passed": true}, "9": {"execution_time": 0.12156248092651367, "passed": false}, "10": {"execution_time": 0.08753347396850586, "passed": true}, "11": {"execution_time": 0.10789656639099121, "passed": false}}}}