{"score": {"sample": {"0": {"passed": false, "execution_time": 0.17327356338500977}, "1": {"passed": false, "execution_time": 0.3164479732513428}, "2": {"passed": false, "execution_time": 0.33562588691711426}, "3": {"passed": false, "execution_time": 0.33393383026123047}, "4": {"passed": false, "execution_time": 0.3575737476348877}, "5": {"passed": false, "execution_time": 0.32477831840515137}, "6": {"passed": true, "execution_time": 0.30988335609436035}, "7": {"passed": false, "execution_time": 0.3043241500854492}, "8": {"passed": false, "execution_time": 0.3165931701660156}, "9": {"passed": false, "execution_time": 0.29439473152160645}, "10": {"passed": true, "execution_time": 0.30933332443237305}, "11": {"passed": false, "execution_time": 0.30032849311828613}}}, "problem_id": "ads2_m6_a1_1", "message": "ERROR: Hidden Testcases server unreachable.", "user_id": "navin106", "version": "1", "check_style_score": "0/1"}