{"problem_id": "ads2_m6_a1_1", "user_id": "navin106", "version": "1", "check_style_score": "0/1", "message": "ERROR: Hidden Testcases server unreachable.", "score": {"sample": {"0": {"passed": false, "execution_time": 0.18975090980529785}, "1": {"passed": false, "execution_time": 0.2462141513824463}, "2": {"passed": false, "execution_time": 0.2616260051727295}, "3": {"passed": false, "execution_time": 0.3679537773132324}, "4": {"passed": false, "execution_time": 0.3252756595611572}, "5": {"passed": false, "execution_time": 0.25042200088500977}, "6": {"passed": true, "execution_time": 0.18262910842895508}, "7": {"passed": false, "execution_time": 0.3172121047973633}, "8": {"passed": true, "execution_time": 0.35146665573120117}, "9": {"passed": false, "execution_time": 0.32976365089416504}, "10": {"passed": true, "execution_time": 0.2283191680908203}, "11": {"passed": false, "execution_time": 0.17860174179077148}}}}