{"message": "ERROR: Hidden Testcases server unreachable.", "version": "1", "problem_id": "ads2_m6_a1_1", "score": {"sample": {"0": {"execution_time": 0.19270610809326172, "passed": false}, "1": {"execution_time": 0.19614768028259277, "passed": false}, "2": {"execution_time": 0.3159966468811035, "passed": false}, "3": {"execution_time": 0.31891512870788574, "passed": false}, "4": {"execution_time": 0.2562601566314697, "passed": false}, "5": {"execution_time": 0.2746098041534424, "passed": true}, "6": {"execution_time": 0.2912867069244385, "passed": true}, "7": {"execution_time": 0.29390978813171387, "passed": false}, "8": {"execution_time": 0.3443007469177246, "passed": true}, "9": {"execution_time": 0.3010525703430176, "passed": false}, "10": {"execution_time": 0.33713626861572266, "passed": true}, "11": {"execution_time": 0.3461613655090332, "passed": false}}}, "user_id": "navin106", "check_style_score": "0/1"}