{"problem_id": "ads2_m6_a1_1", "version": "1", "user_id": "navin106", "check_style_score": "0/1", "score": {"sample": {"0": {"execution_time": 0.22544288635253906, "passed": false}, "1": {"execution_time": 0.25849437713623047, "passed": false}, "2": {"execution_time": 0.3104703426361084, "passed": false}, "3": {"execution_time": 0.2910125255584717, "passed": false}, "4": {"execution_time": 0.2913649082183838, "passed": false}, "5": {"execution_time": 0.2888607978820801, "passed": false}, "6": {"execution_time": 0.2871546745300293, "passed": true}, "7": {"execution_time": 0.3287830352783203, "passed": false}, "8": {"execution_time": 0.29135870933532715, "passed": false}, "9": {"execution_time": 0.3583381175994873, "passed": false}, "10": {"execution_time": 0.2887554168701172, "passed": true}, "11": {"execution_time": 0.2939140796661377, "passed": false}}}, "message": "ERROR: Hidden Testcases server unreachable."}