{"user_id": "navin106", "check_style_score": "0/1", "score": {"sample": {"0": {"execution_time": 0.16701316833496094, "passed": false}, "1": {"execution_time": 0.17329740524291992, "passed": false}, "2": {"execution_time": 0.17239952087402344, "passed": false}, "3": {"execution_time": 0.3121771812438965, "passed": false}, "4": {"execution_time": 0.30510568618774414, "passed": false}, "5": {"execution_time": 0.16527795791625977, "passed": false}, "6": {"execution_time": 0.18172192573547363, "passed": false}, "7": {"execution_time": 0.2297205924987793, "passed": false}, "8": {"execution_time": 0.21747303009033203, "passed": false}, "9": {"execution_time": 0.3127882480621338, "passed": false}, "10": {"execution_time": 0.2990257740020752, "passed": false}, "11": {"execution_time": 0.187821626663208, "passed": false}}}, "problem_id": "ads2_m6_a1_1", "version": "1", "message": "ERROR: Hidden Testcases server unreachable."}