{"message": "ERROR: Hidden Testcases server unreachable.", "check_style_score": "0/1", "problem_id": "ads2_m6_a1_1", "version": "1", "score": {"sample": {"0": {"execution_time": 0.2373819351196289, "passed": false}, "1": {"execution_time": 0.18569564819335938, "passed": false}, "2": {"execution_time": 0.1784806251525879, "passed": false}, "3": {"execution_time": 0.30026721954345703, "passed": false}, "4": {"execution_time": 0.30005955696105957, "passed": false}, "5": {"execution_time": 0.1703777313232422, "passed": false}, "6": {"execution_time": 0.16786885261535645, "passed": false}, "7": {"execution_time": 0.292311429977417, "passed": false}, "8": {"execution_time": 0.32158637046813965, "passed": false}, "9": {"execution_time": 0.3195185661315918, "passed": false}, "10": {"execution_time": 0.2211141586303711, "passed": false}, "11": {"execution_time": 0.19669580459594727, "passed": false}}}, "user_id": "navin106"}