{"problem_id": "ads2_m6_a1_1", "version": "1", "score": {"sample": {"0": {"passed": false, "execution_time": 0.18067312240600586}, "1": {"passed": false, "execution_time": 0.32648301124572754}, "2": {"passed": false, "execution_time": 0.32767510414123535}, "3": {"passed": false, "execution_time": 0.24804282188415527}, "4": {"passed": false, "execution_time": 0.24659109115600586}, "5": {"passed": false, "execution_time": 0.1922597885131836}, "6": {"passed": false, "execution_time": 0.31678128242492676}, "7": {"passed": false, "execution_time": 0.3174111843109131}, "8": {"passed": false, "execution_time": 0.3288841247558594}, "9": {"passed": false, "execution_time": 0.32451510429382324}, "10": {"passed": false, "execution_time": 0.3227097988128662}, "11": {"passed": false, "execution_time": 0.3191087245941162}}}, "user_id": "navin106", "message": "ERROR: Hidden Testcases server unreachable.", "check_style_score": "0/1"}