{"version": "1", "user_id": "navin106", "check_style_score": "0/1", "message": "ERROR: Hidden Testcases server unreachable.", "score": {"sample": {"0": {"passed": false, "execution_time": 0.219893217086792}, "1": {"passed": false, "execution_time": 0.19008326530456543}, "2": {"passed": false, "execution_time": 0.2851729393005371}, "3": {"passed": false, "execution_time": 0.3098773956298828}, "4": {"passed": false, "execution_time": 0.29985761642456055}, "5": {"passed": false, "execution_time": 0.15459799766540527}, "6": {"passed": true, "execution_time": 0.23667573928833008}, "7": {"passed": false, "execution_time": 0.3080134391784668}, "8": {"passed": false, "execution_time": 0.30498647689819336}, "9": {"passed": false, "execution_time": 0.3396940231323242}, "10": {"passed": true, "execution_time": 0.19308018684387207}, "11": {"passed": false, "execution_time": 0.21976041793823242}}}, "problem_id": "ads2_m6_a1_1"}