{"user_id": "navin106", "check_style_score": "0/1", "message": "ERROR: Hidden Testcases server unreachable.", "version": "1", "score": {"sample": {"0": {"passed": false, "execution_time": 0.2612919807434082}, "1": {"passed": false, "execution_time": 0.19275712966918945}, "2": {"passed": false, "execution_time": 0.3849599361419678}, "3": {"passed": false, "execution_time": 0.32637858390808105}, "4": {"passed": false, "execution_time": 0.34570956230163574}, "5": {"passed": false, "execution_time": 0.3179945945739746}, "6": {"passed": true, "execution_time": 0.3174448013305664}, "7": {"passed": false, "execution_time": 0.3283557891845703}, "8": {"passed": true, "execution_time": 0.3349575996398926}, "9": {"passed": false, "execution_time": 0.31790804862976074}, "10": {"passed": true, "execution_time": 0.31302666664123535}, "11": {"passed": false, "execution_time": 0.30164217948913574}}}, "problem_id": "ads2_m6_a1_1"}