{"problem_id": "ads2_m6_a1_1", "check_style_score": "0/1", "score": {"sample": {"0": {"execution_time": 0.17059731483459473, "passed": false}, "1": {"execution_time": 0.16744303703308105, "passed": false}, "2": {"execution_time": 0.3086533546447754, "passed": false}, "3": {"execution_time": 0.30765724182128906, "passed": false}, "4": {"execution_time": 0.2932569980621338, "passed": false}, "5": {"execution_time": 0.3361515998840332, "passed": false}, "6": {"execution_time": 0.29454636573791504, "passed": false}, "7": {"execution_time": 0.32215309143066406, "passed": false}, "8": {"execution_time": 0.34243130683898926, "passed": false}, "9": {"execution_time": 0.331787109375, "passed": false}, "10": {"execution_time": 0.29439783096313477, "passed": false}, "11": {"execution_time": 0.32221102714538574, "passed": false}}}, "message": "ERROR: Hidden Testcases server unreachable.", "user_id": "navin106", "version": "1"}