{"score": {"sample": {"0": {"passed": false, "execution_time": 0.18557095527648926}, "1": {"passed": false, "execution_time": 0.25432801246643066}, "2": {"passed": false, "execution_time": 0.2601335048675537}, "3": {"passed": false, "execution_time": 0.25947141647338867}, "4": {"passed": false, "execution_time": 0.23488402366638184}, "5": {"passed": false, "execution_time": 0.17572331428527832}, "6": {"passed": true, "execution_time": 0.22455716133117676}, "7": {"passed": false, "execution_time": 0.17141032218933105}, "8": {"passed": true, "execution_time": 0.1615159511566162}, "9": {"passed": false, "execution_time": 0.26568174362182617}, "10": {"passed": true, "execution_time": 0.1605212688446045}, "11": {"passed": false, "execution_time": 0.24769163131713867}}}, "check_style_score": "0/1", "problem_id": "ads2_m6_a1_1", "version": "1", "message": "ERROR: Hidden Testcases server unreachable.", "user_id": "navin106"}