{"check_style_score": "0/1", "score": {"sample": {"0": {"passed": false, "execution_time": 0.23544526100158691}, "1": {"passed": false, "execution_time": 0.19167160987854004}, "2": {"passed": false, "execution_time": 0.3427894115447998}, "3": {"passed": false, "execution_time": 0.3213198184967041}, "4": {"passed": false, "execution_time": 0.2991652488708496}, "5": {"passed": false, "execution_time": 0.23818397521972656}, "6": {"passed": true, "execution_time": 0.1898789405822754}, "7": {"passed": false, "execution_time": 0.362046480178833}, "8": {"passed": true, "execution_time": 0.38361191749572754}, "9": {"passed": false, "execution_time": 0.2562117576599121}, "10": {"passed": true, "execution_time": 0.1657567024230957}, "11": {"passed": false, "execution_time": 0.36145687103271484}}}, "user_id": "navin106", "message": "ERROR: Hidden Testcases server unreachable.", "version": "1", "problem_id": "ads2_m6_a1_1"}