{"check_style_score": "0/1", "problem_id": "ads2_m6_a1_1", "message": "ERROR: Hidden Testcases server unreachable.", "score": {"sample": {"0": {"passed": false, "execution_time": 0.2327723503112793}, "1": {"passed": false, "execution_time": 0.21564912796020508}, "2": {"passed": false, "execution_time": 0.16773128509521484}, "3": {"passed": false, "execution_time": 0.16472363471984863}, "4": {"passed": false, "execution_time": 0.22835493087768555}, "5": {"passed": true, "execution_time": 0.19681501388549805}, "6": {"passed": true, "execution_time": 0.16212153434753418}, "7": {"passed": false, "execution_time": 0.22210288047790527}, "8": {"passed": true, "execution_time": 0.22408032417297363}, "9": {"passed": false, "execution_time": 0.22557926177978516}, "10": {"passed": true, "execution_time": 0.25078606605529785}, "11": {"passed": false, "execution_time": 0.25082850456237793}}}, "version": "1", "user_id": "navin106"}