{"user_id": "navin106", "version": "1", "check_style_score": "0/1", "problem_id": "ads2_m6_a1_1", "score": {"sample": {"0": {"passed": false, "execution_time": 0.19076228141784668}, "1": {"passed": false, "execution_time": 0.28084301948547363}, "2": {"passed": false, "execution_time": 0.30594563484191895}, "3": {"passed": false, "execution_time": 0.3129277229309082}, "4": {"passed": false, "execution_time": 0.18050169944763184}, "5": {"passed": false, "execution_time": 0.2683999538421631}, "6": {"passed": false, "execution_time": 0.17320632934570312}, "7": {"passed": false, "execution_time": 0.34687280654907227}, "8": {"passed": false, "execution_time": 0.3171830177307129}, "9": {"passed": false, "execution_time": 0.31355762481689453}, "10": {"passed": false, "execution_time": 0.33826160430908203}, "11": {"passed": false, "execution_time": 0.30664753913879395}}}, "message": "ERROR: Hidden Testcases server unreachable."}