{"problem_id": "ads2_m6_a1_1", "check_style_score": "0/1", "user_id": "navin106", "version": "1", "message": "ERROR: Hidden Testcases server unreachable.", "score": {"sample": {"0": {"execution_time": 0.22432470321655273, "passed": false}, "1": {"execution_time": 0.1710662841796875, "passed": false}, "2": {"execution_time": 0.2665257453918457, "passed": false}, "3": {"execution_time": 0.22690129280090332, "passed": false}, "4": {"execution_time": 0.24559402465820312, "passed": false}, "5": {"execution_time": 0.24373269081115723, "passed": false}, "6": {"execution_time": 0.20981884002685547, "passed": true}, "7": {"execution_time": 0.23766469955444336, "passed": false}, "8": {"execution_time": 0.23592329025268555, "passed": true}, "9": {"execution_time": 0.16968703269958496, "passed": false}, "10": {"execution_time": 0.24619579315185547, "passed": true}, "11": {"execution_time": 0.2503087520599365, "passed": false}}}}