{"message": "ERROR: Hidden Testcases server unreachable.", "check_style_score": "0/1", "problem_id": "ads2_m6_a1_1", "user_id": "navin106", "version": "1", "score": {"sample": {"0": {"execution_time": 0.2258594036102295, "passed": false}, "1": {"execution_time": 0.24860024452209473, "passed": false}, "2": {"execution_time": 0.17444539070129395, "passed": false}, "3": {"execution_time": 0.226179838180542, "passed": false}, "4": {"execution_time": 0.18509387969970703, "passed": false}, "5": {"execution_time": 0.26465415954589844, "passed": false}, "6": {"execution_time": 0.2823963165283203, "passed": true}, "7": {"execution_time": 0.18102145195007324, "passed": false}, "8": {"execution_time": 0.24305343627929688, "passed": true}, "9": {"execution_time": 0.1895284652709961, "passed": false}, "10": {"execution_time": 0.1669466495513916, "passed": true}, "11": {"execution_time": 0.2908792495727539, "passed": false}}}}