{"message": "ERROR: Hidden Testcases server unreachable.", "user_id": "navin106", "score": {"sample": {"0": {"passed": false, "execution_time": 0.14239931106567383}, "1": {"passed": false, "execution_time": 0.10352206230163574}, "2": {"passed": false, "execution_time": 0.10466504096984863}, "3": {"passed": false, "execution_time": 0.10824942588806152}, "4": {"passed": false, "execution_time": 0.1657700538635254}, "5": {"passed": false, "execution_time": 0.10682249069213867}, "6": {"passed": false, "execution_time": 0.15955018997192383}, "7": {"passed": false, "execution_time": 0.15311026573181152}, "8": {"passed": false, "execution_time": 0.18013906478881836}, "9": {"passed": false, "execution_time": 0.10863876342773438}, "10": {"passed": false, "execution_time": 0.19025421142578125}, "11": {"passed": false, "execution_time": 0.16289949417114258}}}, "check_style_score": "0/1", "version": "1", "problem_id": "ads2_m6_a1_1"}