{"message": "ERROR: Hidden Testcases server unreachable.", "problem_id": "ads2_m6_a1_1", "version": "1", "score": {"sample": {"0": {"execution_time": 0.17938923835754395, "passed": false}, "1": {"execution_time": 0.1902766227722168, "passed": false}, "2": {"execution_time": 0.22576665878295898, "passed": false}, "3": {"execution_time": 0.2970700263977051, "passed": false}, "4": {"execution_time": 0.2973616123199463, "passed": false}, "5": {"execution_time": 0.1604750156402588, "passed": false}, "6": {"execution_time": 0.15572547912597656, "passed": true}, "7": {"execution_time": 0.16123509407043457, "passed": false}, "8": {"execution_time": 0.3425576686859131, "passed": false}, "9": {"execution_time": 0.29906296730041504, "passed": false}, "10": {"execution_time": 0.1593022346496582, "passed": true}, "11": {"execution_time": 0.16225934028625488, "passed": false}}}, "check_style_score": "0/1", "user_id": "navin106"}