{"check_style_score": "0/1", "problem_id": "ads2_m6_a1_1", "version": "1", "user_id": "navin106", "message": "ERROR: Hidden Testcases server unreachable.", "score": {"sample": {"0": {"execution_time": 0.16614198684692383, "passed": false}, "1": {"execution_time": 0.16695427894592285, "passed": false}, "2": {"execution_time": 0.16204023361206055, "passed": false}, "3": {"execution_time": 0.3165771961212158, "passed": false}, "4": {"execution_time": 0.3358588218688965, "passed": false}, "5": {"execution_time": 0.22228193283081055, "passed": false}, "6": {"execution_time": 0.23246312141418457, "passed": true}, "7": {"execution_time": 0.17450761795043945, "passed": false}, "8": {"execution_time": 0.18107056617736816, "passed": false}, "9": {"execution_time": 0.3336186408996582, "passed": false}, "10": {"execution_time": 0.288424015045166, "passed": true}, "11": {"execution_time": 0.34616923332214355, "passed": false}}}}