{"problem_id": "ads2_m6_a1_1", "version": "1", "score": {"sample": {"0": {"passed": false, "execution_time": 0.17386531829833984}, "1": {"passed": false, "execution_time": 0.16920948028564453}, "2": {"passed": false, "execution_time": 0.19661998748779297}, "3": {"passed": false, "execution_time": 0.31354355812072754}, "4": {"passed": false, "execution_time": 0.35284924507141113}, "5": {"passed": false, "execution_time": 0.17435169219970703}, "6": {"passed": false, "execution_time": 0.16487812995910645}, "7": {"passed": false, "execution_time": 0.17439961433410645}, "8": {"passed": false, "execution_time": 0.35298609733581543}, "9": {"passed": false, "execution_time": 0.29784488677978516}, "10": {"passed": false, "execution_time": 0.2522299289703369}, "11": {"passed": false, "execution_time": 0.16507625579833984}}}, "user_id": "navin106", "message": "ERROR: Hidden Testcases server unreachable.", "check_style_score": "0/1"}