{"score": {"sample": {"0": {"execution_time": 0.11615896224975586, "passed": true}, "1": {"execution_time": 0.11619257926940918, "passed": true}, "2": {"execution_time": 0.08254003524780273, "passed": true}, "3": {"execution_time": 0.08835887908935547, "passed": true}, "4": {"execution_time": 0.10178065299987793, "passed": true}, "5": {"execution_time": 0.1115713119506836, "passed": true}, "6": {"execution_time": 0.11772441864013672, "passed": true}, "7": {"execution_time": 0.15504956245422363, "passed": true}, "8": {"execution_time": 0.0898282527923584, "passed": true}, "9": {"execution_time": 0.08196830749511719, "passed": true}, "10": {"execution_time": 0.08465981483459473, "passed": true}, "11": {"execution_time": 0.10735654830932617, "passed": true}, "12": {"execution_time": 0.12388777732849121, "passed": true}, "13": {"execution_time": 0.1403343677520752, "passed": true}, "14": {"execution_time": 0.08179140090942383, "passed": true}, "15": {"execution_time": 0.10343480110168457, "passed": true}, "16": {"execution_time": 0.1265401840209961, "passed": true}, "17": {"execution_time": 0.15736603736877441, "passed": true}, "18": {"execution_time": 0.139556884765625, "passed": true}, "19": {"execution_time": 0.1713390350341797, "passed": true}, "20": {"execution_time": 0.18773579597473145, "passed": true}, "21": {"execution_time": 0.16183066368103027, "passed": true}, "22": {"execution_time": 0.3918647766113281, "passed": true}, "23": {"execution_time": 0.28354573249816895, "passed": true}}}, "user_id": "navin106", "check_style_score": "1/1", "message": "ERROR: Hidden Testcases server unreachable.", "problem_id": "ads2_m2_a1_1", "version": "1"}