{"score": {"sample": {"0": {"execution_time": 0.14166712760925293, "passed": true}, "1": {"execution_time": 0.13976788520812988, "passed": true}, "2": {"execution_time": 0.2007308006286621, "passed": true}, "3": {"execution_time": 0.35683155059814453, "passed": true}, "4": {"execution_time": 0.14973902702331543, "passed": true}, "5": {"execution_time": 0.0962824821472168, "passed": true}, "6": {"execution_time": 0.18118572235107422, "passed": true}, "7": {"execution_time": 0.11307406425476074, "passed": true}, "8": {"execution_time": 0.08888506889343262, "passed": true}, "9": {"execution_time": 0.09050464630126953, "passed": true}, "10": {"execution_time": 0.11189556121826172, "passed": true}, "11": {"execution_time": 0.11939787864685059, "passed": true}, "12": {"execution_time": 0.09275460243225098, "passed": true}, "13": {"execution_time": 3.059483528137207, "passed": false}, "14": {"execution_time": 0.11599278450012207, "passed": true}}}, "check_style_score": "1/1", "problem_id": "ads2_m4_a1_1", "user_id": "navin106", "version": "1", "message": "ERROR: Hidden Testcases server unreachable."}