{"message": "ERROR: Hidden Testcases server unreachable.", "version": "1", "problem_id": "ads2_m4_a1_1", "check_style_score": "0/1", "user_id": "navin106", "score": {"sample": {"0": {"passed": true, "execution_time": 0.22197866439819336}, "1": {"passed": true, "execution_time": 0.2173173427581787}, "2": {"passed": true, "execution_time": 0.28064656257629395}, "3": {"passed": true, "execution_time": 0.38877081871032715}, "4": {"passed": true, "execution_time": 0.253154993057251}, "5": {"passed": true, "execution_time": 0.2185523509979248}, "6": {"passed": true, "execution_time": 0.19556760787963867}, "7": {"passed": true, "execution_time": 0.1721487045288086}, "8": {"passed": true, "execution_time": 0.14431333541870117}, "9": {"passed": true, "execution_time": 0.22079825401306152}, "10": {"passed": true, "execution_time": 0.2733612060546875}, "11": {"passed": true, "execution_time": 0.2848367691040039}, "12": {"passed": true, "execution_time": 0.17769646644592285}, "13": {"passed": false, "execution_time": 4.861789226531982}, "14": {"passed": true, "execution_time": 0.13717913627624512}}}}