{"user_id": "navin106", "problem_id": "ads2_m16_a1_1", "version": "1", "score": {"sample": {"0": {"execution_time": 0.4196176528930664, "passed": true}, "1": {"execution_time": 0.2206254005432129, "passed": true}, "2": {"execution_time": 0.5412383079528809, "passed": true}, "3": {"execution_time": 0.6740031242370605, "passed": true}, "4": {"execution_time": 0.5260026454925537, "passed": true}, "5": {"execution_time": 0.5871620178222656, "passed": true}, "6": {"execution_time": 0.5557403564453125, "passed": true}, "7": {"execution_time": 0.7188923358917236, "passed": true}, "8": {"execution_time": 0.3251681327819824, "passed": true}, "9": {"execution_time": 0.5437774658203125, "passed": true}, "10": {"execution_time": 0.5001814365386963, "passed": true}, "11": {"execution_time": 4.791766881942749, "passed": true}, "12": {"execution_time": 0.6413795948028564, "passed": true}, "13": {"execution_time": 0.22402739524841309, "passed": true}, "14": {"execution_time": 0.5623548030853271, "passed": true}, "15": {"execution_time": 0.5091774463653564, "passed": true}, "16": {"execution_time": 0.2921919822692871, "passed": true}, "17": {"execution_time": 0.2661588191986084, "passed": true}, "18": {"execution_time": 0.2542757987976074, "passed": true}, "19": {"execution_time": 0.2999722957611084, "passed": true}, "20": {"execution_time": 0.31868600845336914, "passed": true}, "21": {"execution_time": 0.28450942039489746, "passed": true}, "22": {"execution_time": 0.3013424873352051, "passed": true}, "23": {"execution_time": 0.301849365234375, "passed": true}, "24": {"execution_time": 0.2058713436126709, "passed": true}, "25": {"execution_time": 0.5517513751983643, "passed": true}, "26": {"execution_time": 0.5849943161010742, "passed": true}, "27": {"execution_time": 0.5850982666015625, "passed": true}, "28": {"execution_time": 0.9151332378387451, "passed": true}, "29": {"execution_time": 0.26132822036743164, "passed": false}}}, "check_style_score": "1/1", "message": "ERROR: Hidden Testcases server unreachable."}