{"message": "ERROR: Hidden Testcases server unreachable.", "version": "1", "check_style_score": "1/1", "user_id": "navin106", "score": {"sample": {"0": {"passed": true, "execution_time": 0.24076414108276367}, "1": {"passed": true, "execution_time": 0.2670621871948242}, "2": {"passed": true, "execution_time": 0.5425701141357422}, "3": {"passed": true, "execution_time": 0.5450727939605713}, "4": {"passed": true, "execution_time": 0.5886070728302002}, "5": {"passed": true, "execution_time": 0.510279655456543}, "6": {"passed": true, "execution_time": 0.5412740707397461}, "7": {"passed": true, "execution_time": 0.4984123706817627}, "8": {"passed": true, "execution_time": 0.3240199089050293}, "9": {"passed": true, "execution_time": 0.5304648876190186}, "10": {"passed": true, "execution_time": 0.5679268836975098}, "11": {"passed": true, "execution_time": 4.8008880615234375}, "12": {"passed": true, "execution_time": 0.5063197612762451}, "13": {"passed": true, "execution_time": 0.17938590049743652}, "14": {"passed": true, "execution_time": 0.6796529293060303}, "15": {"passed": true, "execution_time": 0.5338883399963379}, "16": {"passed": true, "execution_time": 0.2795853614807129}, "17": {"passed": true, "execution_time": 0.21706104278564453}, "18": {"passed": true, "execution_time": 0.26882362365722656}, "19": {"passed": true, "execution_time": 0.3410015106201172}, "20": {"passed": true, "execution_time": 0.29897642135620117}, "21": {"passed": true, "execution_time": 0.47622227668762207}, "22": {"passed": true, "execution_time": 0.3405020236968994}, "23": {"passed": true, "execution_time": 0.27464842796325684}, "24": {"passed": true, "execution_time": 0.16991853713989258}, "25": {"passed": true, "execution_time": 0.5573070049285889}, "26": {"passed": true, "execution_time": 0.5996122360229492}, "27": {"passed": true, "execution_time": 0.6555531024932861}, "28": {"passed": true, "execution_time": 0.7961397171020508}, "29": {"passed": true, "execution_time": 0.24330639839172363}}}, "problem_id": "ads2_m16_a1_1"}